"Name","TID","InfoTID","BuildingClass","SWF","ExportName","ExportNameNpc","ExportNameConstruction","BuildTimeD","BuildTimeH","BuildTimeM","BuildResource","BuildCost","TownHallLevel","Width","Height","Icon","ExportNameBuildAnim","MaxStoredGold","MaxStoredElixir","MaxStoredDarkElixir","Bunker","HousingSpace","ProducesResource","ResourcePerHour","ResourceMax","ResourceIconLimit","UnitProduction","UpgradesUnits","ProducesUnitsOfType","BoostCost","Hitpoints","RegenTime","AttackRange","AltAttackMode","AltAttackRange","AttackSpeed","Damage","PreferredTarget","PreferredTargetDamageMod","RandomHitPosition","DestroyEffect","AttackEffect","AttackEffect2","HitEffect","Projectile","ExportNameDamaged","BuildingW","BuildingH","ExportNameBase","ExportNameBaseNpc","AirTargets","GroundTargets","AltAirTargets","AltGroundTargets","AmmoCount","AmmoResource","AmmoCost","MinAttackRange","DamageRadius","PushBack","WallCornerPieces","LoadAmmoEffect","NoAmmoEffect","ToggleAttackModeEffect","PickUpEffect","PlacingEffect","CanNotSellLast","DefenderCharacter","DefenderCount","DefenderZ","DestructionXP","Locked","Hidden","TriggerRadius","ExportNameTriggered","AppearEffect","ForgesSpells","IsHeroBarrack","HeroType","IncreasingDamage","DamageLv2","DamageLv3","Lv2SwitchTime","Lv3SwitchTime","AttackEffectLv2","AttackEffectLv3","TransitionEffectLv2","TransitionEffectLv3"
"String","String","String","String","String","String","String","String","int","int","int","String","int","int","int","int","String","String","int","int","int","boolean","int","String","int","int","int","int","boolean","int","int","int","int","int","boolean","int","int","int","String","int","boolean","String","String","String","String","String","String","int","int","String","String","boolean","boolean","boolean","boolean","int","String","int","int","int","boolean","boolean","String","String","String","String","String","boolean","String","int","int","int","Boolean","Boolean","int","String","String","boolean","boolean","String","Boolean","int","int","int","int","String","String","String","String"
"Troop Housing","TID_BUILDING_HOUSING","TID_HOUSING_INFO","Army","sc/buildings.sc","fireplace_lvl1",,"fireplace_const",,,5,"Elixir",250,1,5,5,,"fireplace_upg",,,,,20,,,,,,,,,400,15,,,,,,,,,"Building Destroyed",,,,,"gen_destructed_state5",2,2,"fireplace_lvl1_base",,,,,,,,,,,,,,,,"Troop Housing Pickup","Troop Housing Placing","true",,,,,,,,,,,,,,,,,,,,,
,,,,,"fireplace_lvl2",,,,1,0,,2500,2,,,,,,,,,30,,,,,,,,,500,,,,,,,,,,,,,,,,,,"fireplace_lvl2_base",,,,,,,,,,,,,,,,,,,,,,,,,,,,,,,,,,,,,,,
,,,,,"fireplace_lvl3",,,,3,0,,10000,3,,,,,,,,,35,,,,,,,,,600,,,,,,,,,,,,,,,,,,"fireplace_lvl3_base",,,,,,,,,,,,,,,,,,,,,,,,,,,,,,,,,,,,,,,
,,,,,"fireplace_lvl4",,,,8,0,,100000,4,,,,,,,,,40,,,,,,,,,700,,,,,,,,,,,,,,,,,,"fireplace_lvl4_base",,,,,,,,,,,,,,,,,,,,,,,,,,,,,,,,,,,,,,,
,,,,,"fireplace_lvl5",,,1,0,0,,250000,5,,,,,,,,,45,,,,,,,,,800,,,,,,,,,,,,,,,,,,"fireplace_lvl5_base",,,,,,,,,,,,,,,,,,,,,,,,,,,,,,,,,,,,,,,
,,,,,"fireplace_lvl6",,,3,0,0,,750000,6,,,,,,,,,50,,,,,,,,,1000,,,,,,,,,,,,,,,,,,"fireplace_lvl6_base",,,,,,,,,,,,,,,,,,,,,,,,,,,,,,,,,,,,,,,
,,,,,"fireplace_lvl7",,,5,0,0,,2250000,9,,,,,,,,,55,,,,,,,,,1200,,,,,,,,,,,,,,,,,,"fireplace_lvl7_base",,,,,,,,,,,,,,,,,,,,,,,,,,,,,,,,,,,,,,,
,,,,,"fireplace_lvl8",,,10,0,0,,6750000,10,,,,,,,,,60,,,,,,,,,1400,,,,,,,,,,,,,,,,,,"fireplace_lvl7_base",,,,,,,,,,,,,,,,,,,,,,,,,,,,,,,,,,,,,,,
"Town Hall","TID_BUILDING_TOWN_HALL","TID_TOWN_HALL_INFO","Town Hall","sc/buildings.sc","town_hall_lvl1","goblin_townhall_lvl1","town_hall_const",,,1,"Gold",0,,4,4,,"town_hall_upg",1000,1000,,,,,,,,,,,,1500,20,,,,,,,,,"Building Destroyed",,,,,"town_hall_broken",3,3,"townhall_base","goblin_townhall_base",,,,,,,,,,,,,,,"Town Hall Pickup","Town Hall Placing","true",,,,1,,,,,,,,,,,,,,,,,
,,,,,"town_hall_lvl2",,,,,5,,1000,,,,,,1000,1000,,,,,,,,,,,,1600,21,,,,,,,,,,,,,,,,,"townhall_base",,,,,,,,,,,,,,,,,,,,,,2,,,,,,,,,,,,,,,,,
,,,,,"town_hall_lvl3",,,,3,0,,4000,,,,,,1000,1000,,,,,,,,,,,,1850,22,,,,,,,,,,,,,,,,,"townhall_base",,,,,,,,,,,,,,,,,,,,,,3,,,,,,,,,,,,,,,,,
,,,,,"town_hall_lvl4",,,1,0,0,,25000,,,,,,1000,1000,,,,,,,,,,,,2100,23,,,,,,,,,,,,,,,,,"townhall_base",,,,,,,,,,,,,,,,,,,,,,4,,,,,,,,,,,,,,,,,
,,,,,"town_hall_lvl5",,,2,0,0,,150000,,,,,,1000,1000,,,,,,,,,,,,2400,24,,,,,,,,,,,,,,,,,"townhall_base",,,,,,,,,,,,,,,,,,,,,,5,,,,,,,,,,,,,,,,,
,,,,,"town_hall_lvl6",,,4,0,0,,750000,,,,,,1000,1000,,,,,,,,,,,,2800,25,,,,,,,,,,,,,,,,,"townhall_base",,,,,,,,,,,,,,,,,,,,,,6,,,,,,,,,,,,,,,,,
,,,,,"town_hall_lvl7",,,6,0,0,,1200000,,,,,,1000,1000,,,,,,,,,,,,3200,26,,,,,,,,,,,,,,,,,"townhall_base",,,,,,,,,,,,,,,,,,,,,,7,,,,,,,,,,,,,,,,,
,,,,,"town_hall_lvl8",,,8,0,0,,2000000,,,,,,1000,1000,,,,,,,,,,,,3700,27,,,,,,,,,,,,,,,,,"townhall_base",,,,,,,,,,,,,,,,,,,,,,8,,,,,,,,,,,,,,,,,
,,,,,"town_hall_lvl9",,,10,0,0,,3000000,,,,,,1000,1000,,,,,,,,,,,,4200,28,,,,,,,,,,,,,,,,,"townhall_base",,,,,,,,,,,,,,,,,,,,,,9,,,,,,,,,,,,,,,,,
,,,,,"town_hall_lvl10",,,14,0,0,,4000000,,,,,,1000,1000,,,,,,,,,,,,5000,29,,,,,,,,,,,,,,,,,"townhall_lvl10_base",,,,,,,,,,,,,,,,,,,,,,10,,,,,,,,,,,,,,,,,
"Elixir Pump","TID_BUILDING_ELIXIR_PUMP","TID_ELIXIR_PUMP_INFO","Resource","sc/buildings.sc","elixir_pump_lvl1",,"elixir_pump_const",,,1,"Gold",150,1,3,3,,"elixir_pump_upg",,,,,,"Elixir",200,500,6,,,,,400,15,,,,,,,,,"Building Destroyed",,,,,"elixir_destructed_state2",2,2,"elixir_pump_base","npc_elixir_pump_base",,,,,,,,,,,,,,,"Elixir Pump Pickup","Elixir Pump Placing","true",,,,,,,,,,,,,,,,,,,,,
,,,,,"elixir_pump_lvl2",,,,,5,,300,1,,,,,,,,,,,400,1000,15,,,,,450,,,,,,,,,,,,,,,,,,,,,,,,,,,,,,,,,,,,,,,,,,,,,,,,,,,,,,,,,
,,,,,"elixir_pump_lvl3",,,,,15,,700,2,,,,,,,,,,,600,1500,25,,,,,500,,,,,,,,,,,,,,,,,,,,,,,,,,,,,,,,,,,,,,,,,,,,,,,,,,,,,,,,,
,,,,,"elixir_pump_lvl4",,,,1,0,,1400,2,,,,,,,,,,,800,2500,40,,,,,550,,,,,,,,,,,,,,,,,,,,,,,,,,,,,,,,,,,,,,,,,,,,,,,,,,,,,,,,,
,,,,,"elixir_pump_lvl5",,,,2,0,,3500,3,,,,,,,,,,,1000,10000,60,,,,4,590,,,,,,,,,,,,,,,,,,,,,,,,,,,,,,,,,,,,,,,,,,,,,,,,,,,,,,,,,
,,,,,"elixir_pump_lvl6",,,,6,0,,7000,3,,,,,,,,,,,1300,20000,100,,,,5,610,,,,,,,,,,,,,,,,,,,,,,,,,,,,,,,,,,,,,,,,,,,,,,,,,,,,,,,,,
,,,,,"elixir_pump_lvl7",,,,12,0,,14000,4,,,,,,,,,,,1600,30000,160,,,,6,630,,,,,,,,,,,,,,,,,,,,,,,,,,,,,,,,,,,,,,,,,,,,,,,,,,,,,,,,,
,,,,,"elixir_pump_lvl8",,,1,0,0,,28000,4,,,,,,,,,,,1900,50000,220,,,,7,660,,,,,,,,,,,,,,,,,,,,,,,,,,,,,,,,,,,,,,,,,,,,,,,,,,,,,,,,,
,,,,,"elixir_pump_lvl9",,,2,0,0,,56000,5,,,,,,,,,,,2200,75000,300,,,,8,680,,,,,,,,,,,,,,,,,,,,,,,,,,,,,,,,,,,,,,,,,,,,,,,,,,,,,,,,,
,,,,,"elixir_pump_lvl10",,,3,0,0,,84000,5,,,,,,,,,,,2500,100000,400,,,,9,710,,,,,,,,,,,,,,,,,,,,,,,,,,,,,,,,,,,,,,,,,,,,,,,,,,,,,,,,,
,,,,,"elixir_pump_lvl11",,,4,0,0,,168000,7,,,,,,,,,,,3000,150000,500,,,,11,750,,,,,,,,,,,,,,,,,,,,,,,,,,,,,,,,,,,,,,,,,,,,,,,,,,,,,,,,,
"Elixir Storage","TID_BUILDING_ELIXIR_STORAGE","TID_ELIXIR_STORAGE_INFO","Resource","sc/buildings.sc","elixir_storage_level1",,"elixir_storage_const",,,15,"Gold",300,1,3,3,,"elixir_storage_upg",,1500,,,,,,,,,,,,400,15,,,,,,,,,"Elixir Storage Destroyed",,,,,"elixir_destructed_state3",2,2,"elixir_storage_lvl1_base","npc_elixir_storage_base",,,,,,,,,,,,,,,"Elixir Storage Pickup","Elixir Storage Placing",,,,,,,,,,,,,,,,,,,,,,
,,,,,"elixir_storage_level2",,,,,30,,750,2,,,,,,3000,,,,,,,,,,,,600,16,,,,,,,,,,,,,,,,,"elixir_storage_lvl2_base",,,,,,,,,,,,,,,,,,,,,,,,,,,,,,,,,,,,,,,
,,,,,"elixir_storage_level3",,,,1,0,,1500,2,,,,,,6000,,,,,,,,,,,,800,17,,,,,,,,,,,,,,,,,"elixir_storage_lvl3_base",,,,,,,,,,,,,,,,,,,,,,,,,,,,,,,,,,,,,,,
,,,,,"elixir_storage_level4",,,,2,0,,3000,3,,,,,,12000,,,,,,,,,,,,1000,18,,,,,,,,,,,,,,,,,"elixir_storage_lvl4_base",,,,,,,,,,,,,,,,,,,,,,,,,,,,,,,,,,,,,,,
,,,,,"elixir_storage_level5",,,,3,0,,6000,3,,,,,,25000,,,,,,,,,,,,1200,19,,,,,,,,,,,,,,,,,"elixir_storage_lvl5_base",,,,,,,,,,,,,,,,,,,,,,,,,,,,,,,,,,,,,,,
,,,,,"elixir_storage_level6",,,,4,0,,12000,3,,,,,,50000,,,,,,,,,,,,1500,20,,,,,,,,,,,,,,,,,"elixir_storage_lvl6_base",,,,,,,,,,,,,,,,,,,,,,,,,,,,,,,,,,,,,,,
,,,,,"elixir_storage_level7",,,,6,0,,25000,4,,,,,,100000,,,,,,,,,,,,1650,21,,,,,,,,,,,,,,,,,"elixir_storage_lvl7_base",,,,,,,,,,,,,,,,,,,,,,,,,,,,,,,,,,,,,,,
,,,,,"elixir_storage_level8",,,,8,0,,50000,4,,,,,,250000,,,,,,,,,,,,1740,22,,,,,,,,,,,,,,,,,"elixir_storage_lvl8_base",,,,,,,,,,,,,,,,,,,,,,,,,,,,,,,,,,,,,,,
,,,,,"elixir_storage_level9",,,,12,0,,100000,5,,,,,,500000,,,,,,,,,,,,1820,23,,,,,,,,,,,,,,,,,"elixir_storage_lvl9_base",,,,,,,,,,,,,,,,,,,,,,,,,,,,,,,,,,,,,,,
,,,,,"elixir_storage_level10",,,1,0,0,,250000,6,,,,,,1000000,,,,,,,,,,,,1920,24,,,,,,,,,,,,,,,,,"elixir_storage_lvl10_base",,,,,,,,,,,,,,,,,,,,,,,,,,,,,,,,,,,,,,,
,,,,,"elixir_storage_level11",,,2,0,0,,500000,7,,,,,,2000000,,,,,,,,,,,,2016,25,,,,,,,,,,,,,,,,,"elixir_storage_lvl11_base",,,,,,,,,,,,,,,,,,,,,,,,,,,,,,,,,,,,,,,
"Gold Mine","TID_BUILDING_GOLD_MINE","TID_GOLD_MINE_INFO","Resource","sc/buildings.sc","goldmine_lvl1",,"goldmine_const",,,1,"Elixir",150,1,3,3,,"goldmine_upg",,,,,,"Gold",200,500,6,,,,,400,15,,,,,,,,,"Building Destroyed",,,,,"wood_destructed_state2",2,2,"goldmine_base","npc_goldmine_base",,,,,,,,,,,,,,,"Gold Mine Pickup","Gold Mine Placing","true",,,,,,,,,,,,,,,,,,,,,
,,,,,"goldmine_lvl2",,,,,5,,300,1,,,,,,,,,,,400,1000,15,,,,,450,,,,,,,,,,,,,,,,,,,,,,,,,,,,,,,,,,,,,,,,,,,,,,,,,,,,,,,,,
,,,,,"goldmine_lvl3",,,,,15,,700,2,,,,,,,,,,,600,1500,25,,,,,500,,,,,,,,,,,,,,,,,,,,,,,,,,,,,,,,,,,,,,,,,,,,,,,,,,,,,,,,,
,,,,,"goldmine_lvl4",,,,1,0,,1400,2,,,,,,,,,,,800,2500,40,,,,,550,,,,,,,,,,,,,,,,,,,,,,,,,,,,,,,,,,,,,,,,,,,,,,,,,,,,,,,,,
,,,,,"goldmine_lvl5",,,,2,0,,3000,3,,,,,,,,,,,1000,10000,60,,,,4,590,,,,,,,,,,,,,,,,,,,,,,,,,,,,,,,,,,,,,,,,,,,,,,,,,,,,,,,,,
,,,,,"goldmine_lvl6",,,,6,0,,7000,3,,,,,,,,,,,1300,20000,100,,,,5,610,,,,,,,,,,,,,,,,,,,,,,,,,,,,,,,,,,,,,,,,,,,,,,,,,,,,,,,,,
,,,,,"goldmine_lvl7",,,,12,0,,14000,4,,,,,,,,,,,1600,30000,160,,,,6,630,,,,,,,,,,,,,,,,,,,,,,,,,,,,,,,,,,,,,,,,,,,,,,,,,,,,,,,,,
,,,,,"goldmine_lvl8",,,1,0,0,,28000,4,,,,,,,,,,,1900,50000,220,,,,7,660,,,,,,,,,,,,,,,,,,,,,,,,,,,,,,,,,,,,,,,,,,,,,,,,,,,,,,,,,
,,,,,"goldmine_lvl9",,,2,0,0,,56000,5,,,,,,,,,,,2200,75000,300,,,,8,680,,,,,,,,,,,,,,,,,,,,,,,,,,,,,,,,,,,,,,,,,,,,,,,,,,,,,,,,,
,,,,,"goldmine_lvl10",,,3,0,0,,84000,5,,,,,,,,,,,2500,100000,400,,,,9,710,,,,,,,,,,,,,,,,,,,,,,,,,,,,,,,,,,,,,,,,,,,,,,,,,,,,,,,,,
,,,,,"goldmine_lvl11",,,4,0,0,,168000,7,,,,,,,,,,,3000,150000,500,,,,11,750,,,,,,,,,,,,,,,,,,,,,,,,,,,,,,,,,,,,,,,,,,,,,,,,,,,,,,,,,
"Gold Storage","TID_BUILDING_GOLD_STORAGE","TID_GOLD_STORAGE_INFO","Resource","sc/buildings.sc","gold_storage_lvl1",,"gold_storage_const",,,15,"Elixir",300,1,3,3,,"gold_storage_upg",1500,,,,,,,,,,,,,400,15,,,,,,,,,"Building Destroyed",,,,,"large_destructed_state2",2,2,"gold_storage_lvl1_base","npc_gold_storage_lvl1_base",,,,,,,,,,,,,,,"Gold Storage Pickup","Gold Storage Placing",,,,,,,,,,,,,,,,,,,,,,
,,,,,"gold_storage_lvl2",,,,,30,,750,2,,,,,3000,,,,,,,,,,,,,600,16,,,,,,,,,,,,,,,,,"gold_storage_lvl2_base","npc_gold_storage_lvl2_base",,,,,,,,,,,,,,,,,,,,,,,,,,,,,,,,,,,,,,
,,,,,"gold_storage_lvl3",,,,1,0,,1500,2,,,,,6000,,,,,,,,,,,,,800,17,,,,,,,,,,,,,,,,,"gold_storage_lvl3_base","npc_gold_storage_lvl3_base",,,,,,,,,,,,,,,,,,,,,,,,,,,,,,,,,,,,,,
,,,,,"gold_storage_lvl4",,,,2,0,,3000,3,,,,,12000,,,,,,,,,,,,,1000,18,,,,,,,,,,,,,,,,,"gold_storage_lvl4_base","npc_gold_storage_lvl4_base",,,,,,,,,,,,,,,,,,,,,,,,,,,,,,,,,,,,,,
,,,,,"gold_storage_lvl5",,,,3,0,,6000,3,,,,,25000,,,,,,,,,,,,,1200,19,,,,,,,,,,,,,,,,,"gold_storage_lvl5_base","npc_gold_storage_lvl5_base",,,,,,,,,,,,,,,,,,,,,,,,,,,,,,,,,,,,,,
,,,,,"gold_storage_lvl6",,,,4,0,,12000,3,,,,,50000,,,,,,,,,,,,,1500,20,,,,,,,,,,,,,,,,,"gold_storage_lvl6_base","npc_gold_storage_lvl6_base",,,,,,,,,,,,,,,,,,,,,,,,,,,,,,,,,,,,,,
,,,,,"gold_storage_lvl7",,,,6,0,,25000,4,,,,,100000,,,,,,,,,,,,,1650,21,,,,,,,,,,,,,,,,,"gold_storage_lvl7_base","npc_gold_storage_lvl7_base",,,,,,,,,,,,,,,,,,,,,,,,,,,,,,,,,,,,,,
,,,,,"gold_storage_lvl8",,,,8,0,,50000,4,,,,,250000,,,,,,,,,,,,,1740,22,,,,,,,,,,,,,,,,,"gold_storage_lvl8_base","npc_gold_storage_lvl8_base",,,,,,,,,,,,,,,,,,,,,,,,,,,,,,,,,,,,,,
,,,,,"gold_storage_lvl9",,,,12,0,,100000,5,,,,,500000,,,,,,,,,,,,,1820,23,,,,,,,,,,,,,,,,,"gold_storage_lvl9_base","npc_gold_storage_lvl9_base",,,,,,,,,,,,,,,,,,,,,,,,,,,,,,,,,,,,,,
,,,,,"gold_storage_lvl10",,,1,0,0,,250000,6,,,,,1000000,,,,,,,,,,,,,1920,24,,,,,,,,,,,,,,,,,"gold_storage_lvl10_base","npc_gold_storage_lvl10_base",,,,,,,,,,,,,,,,,,,,,,,,,,,,,,,,,,,,,,
,,,,,"gold_storage_lvl11",,,2,0,0,,500000,7,,,,,2000000,,,,,,,,,,,,,2016,25,,,,,,,,,,,,,,,,,"gold_storage_lvl11_base","npc_gold_storage_lvl11_base",,,,,,,,,,,,,,,,,,,,,,,,,,,,,,,,,,,,,,
"Barrack","TID_BUILDING_BARRACK","TID_BARRACK_INFO","Army","sc/buildings.sc","barracks_lvl1",,"barracks_const",,,1,"Elixir",200,1,3,3,,"barracks_upg",,,,,,,,,,20,,1,,250,15,,,,,,,,,"Building Destroyed",,,,,"wood_destructed_state2",2,2,"barracks_base","npc_barracks_base",,,,,,,,,,,,,,,"Training Barrack Pickup","Training Barrack Placing","true",,,,,,,,,,,,,,,,,,,,,
,,,,,"barracks_lvl2",,,,,15,,1000,1,,,,,,,,,,,,,,25,,1,,270,,,,,,,,,,,,,,,,,,,,,,,,,,,,,,,,,,,,,,,,,,,,,,,,,,,,,,,,,
,,,,,"barracks_lvl3",,,,2,,,2500,1,,,,,,,,,,,,,,30,,1,,280,,,,,,,,,,,,,,,,,,,,,,,,,,,,,,,,,,,,,,,,,,,,,,,,,,,,,,,,,
,,,,,"barracks_lvl4",,,,4,0,,5000,2,,,,,,,,,,,,,,35,,1,25,290,,,,,,,,,,,,,,,,,,,,,,,,,,,,,,,,,,,,,,,,,,,,,,,,,,,,,,,,,
,,,,,"barracks_lvl5",,,,10,0,,10000,3,,,,,,,,,,,,,,40,,1,,310,,,,,,,,,,,,,,,,,,,,,,,,,,,,,,,,,,,,,,,,,,,,,,,,,,,,,,,,,
,,,,,"barracks_lvl6",,,,16,0,,80000,4,,,,,,,,,,,,,,45,,1,,320,,,,,,,,,,,,,,,,,,,,,,,,,,,,,,,,,,,,,,,,,,,,,,,,,,,,,,,,,
,,,,,"barracks_lvl7",,,1,0,0,,240000,5,,,,,,,,,,,,,,50,,1,,340,,,,,,,,,,,,,,,,,,,,,,,,,,,,,,,,,,,,,,,,,,,,,,,,,,,,,,,,,
,,,,,"barracks_lvl8",,,2,0,0,,700000,6,,,,,,,,,,,,,,55,,1,,350,,,,,,,,,,,,,,,,,,,,,,,,,,,,,,,,,,,,,,,,,,,,,,,,,,,,,,,,,
,,,,,"barracks_lvl9",,,4,0,0,,1500000,7,,,,,,,,,,,,,,60,,1,,390,,,,,,,,,,,,,,,,,,,,,,,,,,,,,,,,,,,,,,,,,,,,,,,,,,,,,,,,,
,,,,,"barracks_lvl10",,,6,0,0,,2000000,8,,,,,,,,,,,,,,75,,1,,420,,,,,,,,,,,,,,,,,,,,,,,,,,,,,,,,,,,,,,,,,,,,,,,,,,,,,,,,,
"Laboratory","TID_BUILDING_LABORATORY","TID_LABORATORY_INFO","Army","sc/buildings.sc","laboratory_lvl1",,"laboratory_const",,,30,"Elixir",25000,3,4,4,,"laboratory_upg",,,,,,,,,,,"true",,,250,15,,,,,,,,,"Building Destroyed",,,,,"wood_destructed_state4",3,3,"laboratory_base","npc_laboratory_base",,,,,,,,,,,,,,,"Training Barrack Pickup","Training Barrack Placing","true",,,,,,,,,,,,,,,,,,,,,
,,,,,"laboratory_lvl2",,,,5,0,,50000,4,,,,,,,,,,,,,,,,,,270,,,,,,,,,,,,,,,,,,,,,,,,,,,,,,,,,,,,,,,,,,,,,,,,,,,,,,,,,
,,,,,"laboratory_lvl3",,,,12,0,,90000,5,,,,,,,,,,,,,,,,,,280,,,,,,,,,,,,,,,,,,,,,,,,,,,,,,,,,,,,,,,,,,,,,,,,,,,,,,,,,
,,,,,"laboratory_lvl4",,,1,0,0,,270000,6,,,,,,,,,,,,,,,,,,290,,,,,,,,,,,,,,,,,,,,,,,,,,,,,,,,,,,,,,,,,,,,,,,,,,,,,,,,,
,,,,,"laboratory_lvl5",,,2,0,0,,500000,7,,,,,,,,,,,,,,,,,,310,,,,,,,,,,,,,,,,,,,,,,,,,,,,,,,,,,,,,,,,,,,,,,,,,,,,,,,,,
,,,,,"laboratory_lvl6",,,4,0,0,,1000000,8,,,,,,,,,,,,,,,,,,330,,,,,,,,,,,,,,,,,,,,,,,,,,,,,,,,,,,,,,,,,,,,,,,,,,,,,,,,,
,,,,,"laboratory_lvl7",,,5,0,0,,2500000,9,,,,,,,,,,,,,,,,,,350,,,,,,,,,,,,,,,,,,,,,,,,,,,,,,,,,,,,,,,,,,,,,,,,,,,,,,,,,
,,,,,"laboratory_lvl8",,,6,0,0,,4000000,10,,,,,,,,,,,,,,,,,,350,,,,,,,,,,,,,,,,,,,,,,,,,,,,,,,,,,,,,,,,,,,,,,,,,,,,,,,,,
"Cannon","TID_BUILDING_CANNON","TID_BASIC_TURRET_INFO","Defense","sc/buildings.sc","basic_turret_lvl1",,"basic_turret_const",,,1,"Gold",250,1,3,3,,"basic_turret_upg",,,,,,,,,,,,,,400,15,900,,,800,9,,,,"Building Destroyed","Cannon Attack",,"Generic Hit","Cannonball","gen_destructed_state2",2,2,"basic_cannon_lvl1_base","npc_basic_cannon_lvl1_base","false","true",,,,,,,,,,,,,"Basic Turret Pickup","Basic Turret Placing","true",,,,,,,,,,,,,,,,,,,,,
,,,,,"basic_turret_lvl2",,,,,15,,1000,1,,,,,,,,,,,,,,,,,,450,16,,,,,11,,,,,"Cannon Attack",,,"Cannonball2",,,,"basic_cannon_lvl2_base","npc_basic_cannon_lvl2_base",,,,,,,,,,,,,,,,,,,,,,,,,,,,,,,,,,,,,,
,,,,,"basic_turret_lvl3",,,,,45,,4000,2,,,,,,,,,,,,,,,,,,500,17,,,,,15,,,,,"Cannon Attack",,,"Cannonball2",,,,"basic_cannon_lvl3_base","npc_basic_cannon_lvl3_base",,,,,,,,,,,,,,,,,,,,,,,,,,,,,,,,,,,,,,
,,,,,"basic_turret_lvl4",,,,2,0,,16000,3,,,,,,,,,,,,,,,,,,550,18,,,,,19,,,,,"Cannon Attack",,,"Cannonball4",,,,"basic_cannon_lvl4_base","npc_basic_cannon_lvl4_base",,,,,,,,,,,,,,,,,,,,,,,,,,,,,,,,,,,,,,
,,,,,"basic_turret_lvl5",,,,6,0,,50000,4,,,,,,,,,,,,,,,,,,590,19,,,,,25,,,,,"Cannon Attack Large",,,"Cannonball4",,,,"basic_cannon_lvl5_base","npc_basic_cannon_lvl5_base",,,,,,,,,,,,,,,,,,,,,,,,,,,,,,,,,,,,,,
,,,,,"basic_turret_lvl6",,,,12,0,,100000,5,,,,,,,,,,,,,,,,,,610,20,,,,,31,,,,,"Cannon Attack Large",,,"Cannonball5",,,,"basic_cannon_lvl6_base","npc_basic_cannon_lvl6_base",,,,,,,,,,,,,,,,,,,,,,,,,,,,,,,,,,,,,,
,,,,,"basic_turret_lvl7",,,1,0,0,,200000,6,,,,,,,,,,,,,,,,,,630,21,,,,,40,,,,,"Cannon Attack Large",,,"Cannonball5",,,,"basic_cannon_lvl7_base","npc_basic_cannon_lvl7_base",,,,,,,,,,,,,,,,,,,,,,,,,,,,,,,,,,,,,,
,,,,,"basic_turret_lvl8",,,2,0,0,,400000,7,,,,,,,,,,,,,,,,,,660,22,,,,,48,,,,,"Cannon Attack Large",,,"Cannonball7",,,,"basic_cannon_lvl8_base","npc_basic_cannon_lvl8_base",,,,,,,,,,,,,,,,,,,,,,,,,,,,,,,,,,,,,,
,,,,,"basic_turret_lvl9",,,3,,0,,800000,8,,,,,,,,,,,,,,,,,,690,23,,,,,56,,,,,"Cannon Attack Large",,,"Cannonball7",,,,"basic_cannon_lvl9_base","npc_basic_cannon_lvl9_base",,,,,,,,,,,,,,,,,,,,,,,,,,,,,,,,,,,,,,
,,,,,"basic_turret_lvl10",,,4,,0,,1600000,8,,,,,,,,,,,,,,,,,,750,24,,,,,65,,,,,"Cannon Attack Large",,,"Cannonball10",,,,"basic_cannon_lvl10_base","npc_basic_cannon_lvl10_base",,,,,,,,,,,,,,,,,,,,,,,,,,,,,,,,,,,,,,
,,,,,"basic_turret_lvl11",,,5,,0,,3200000,9,,,,,,,,,,,,,,,,,,900,25,,,,,75,,,,,"Cannon Attack Large",,,"Cannonball10",,,,"basic_cannon_lvl11_base","npc_basic_cannon_lvl11_base",,,,,,,,,,,,,,,,,,,,,,,,,,,,,,,,,,,,,,
,,,,,"basic_turret_lvl12",,,6,,0,,6400000,10,,,,,,,,,,,,,,,,,,1080,25,,,,,86,,,,,"Cannon Attack Large",,,"Cannonball12",,,,"basic_cannon_lvl11_base","npc_basic_cannon_lvl11_base",,,,,,,,,,,,,,,,,,,,,,,,,,,,,,,,,,,,,,
"Archer Tower","TID_BUILDING_ARCHER_TOWER","TID_ARCHER_TOWER_INFO","Defense","sc/buildings.sc","tower_turret_lvl1",,"tower_turret_const",,,15,"Gold",1000,2,3,3,,"tower_turret_upg",,,,,,,,,,,,,,400,15,1000,,,1000,11,,,,"Building Destroyed","Archer Attack",,"Generic Hit","Tower Arrow","wood_destructed_state2",2,2,"defense_tower_turret_base","npc_defense_tower_turret_base","true","true",,,,,,,,,,,,,"Tower Turret Pickup","Tower Turret Placing",,"Archer",1,180,,,,,,,,,,,,,,,,,,
,,,,,"tower_turret_lvl2",,,,,30,,2000,2,,,,,,,,,,,,,,,,,,450,16,,,,,15,,,,,,,"Generic Hit","Tower Arrow",,,,,,,,,,,,,,,,,,,,,,,"Archer",1,,,,,,,,,,,,,,,,,,,
,,,,,"tower_turret_lvl3",,,,,45,,5000,3,,,,,,,,,,,,,,,,,,500,17,,,,,19,,,,,,,"Generic Hit","Tower Arrow",,,,,,,,,,,,,,,,,,,,,,,"Archer",1,,,,,,,,,,,,,,,,,,,
,,,,,"tower_turret_lvl4",,,,4,0,,20000,4,,,,,,,,,,,,,,,,,,550,18,,,,,25,,,,,,,"Generic Hit","Tower Arrow Fire",,,,,,,,,,,,,,,,,,,,,,,"Archer",2,,,,,,,,,,,,,,,,,,,
,,,,,"tower_turret_lvl5",,,,12,0,,80000,5,,,,,,,,,,,,,,,,,,590,19,,,,,30,,,,,,,"Generic Hit","Tower Arrow Fire",,,,,,,,,,,,,,,,,,,,,,,"Archer2",2,,,,,,,,,,,,,,,,,,,
,,,,,"tower_turret_lvl6",,,1,0,0,,180000,5,,,,,,,,,,,,,,,,,,610,20,,,,,35,,,,,,,"Generic Hit","Tower Arrow Fire",,,,,,,,,,,,,,,,,,,,,,,"Archer2",2,,,,,,,,,,,,,,,,,,,
,,,,,"tower_turret_lvl7",,,3,0,0,,360000,6,,,,,,,,,,,,,,,,,,630,21,,,,,42,,,,,,,"Generic Hit","Tower Arrow ElixFire",,,,,,,,,,,,,,,,,,,,,,,"Archer2",3,,,,,,,,,,,,,,,,,,,
,,,,,"tower_turret_lvl8",,,4,0,0,,720000,7,,,,,,,,,,,,,,,,,,660,22,,,,,48,,,,,,,"Generic Hit","Tower Arrow ElixFire",,,,,,,,,,,,,,,,,,,,,,,"Archer3",3,,,,,,,,,,,,,,,,,,,
,,,,,"tower_turret_lvl9",,,5,0,0,,1500000,8,,,,,,,,,,,,,,,,,,690,23,,,,,56,,,,,,,"Generic Hit","Tower Arrow ElixFire",,,,,,,,,,,,,,,,,,,,,,,"Archer3",3,,,,,,,,,,,,,,,,,,,
,,,,,"tower_turret_lvl10",,,6,0,0,,2500000,8,,,,,,,,,,,,,,,,,,720,24,,,,,65,,,,,,,"Explosive Arrow","Tower Arrow ElixFire",,,,,,,,,,,,,,,,,,,,,,,"Archer3",3,,,,,,,,,,,,,,,,,,,
,,,,,"tower_turret_lvl11",,,7,0,0,,5000000,9,,,,,,,,,,,,,,,,,,750,25,,,,,75,,,,,,,"Explosive Arrow","Tower Arrow DarkElixFire",,,,,,,,,,,,,,,,,,,,,,,"Archer6",3,,,,,,,,,,,,,,,,,,,
"Wall","TID_BUILDING_WALL","TID_WALL_INFO","Wall","sc/buildings.sc","defense_wall_lvl1",,"dummy_particle",,,0,"Gold",200,2,1,1,,"dummy_particle",,,,,,,,,,,,,,300,20,,,,,,,,,"Building Destroyed",,,,,"wall_destructed_state1",,,,,,,,,,,,,,,,,,,"Weak Wall Pickup","Weak Wall Placing",,,,,,,,,,,,,,,,,,,,,,
,,,,,"defense_wall_lvl2",,,,,0,,1000,2,1,1,,,,,,,,,,,,,,,,500,21,,,,,,,,,"Building Destroyed",,,,,,,,,,,,,,,,,,,,,,,,,,,,,,,,,,,,,,,,,,,,,,,
,,,,,"defense_wall_lvl3",,,,,0,,5000,3,1,1,,,,,,,,,,,,,,,,700,22,,,,,,,,,"Building Destroyed",,,,,,,,,,,,,,,,,,,,,,,,,,,,,,,,,,,,,,,,,,,,,,,
,,,,,"defense_wall_lvl4",,,,,0,,10000,4,,,,,,,,,,,,,,,,,,900,23,,,,,,,,,"Building Destroyed",,,,,,,,,,,,,,,,,,,,,,,,,,,,,,,,,,,,,,,,,,,,,,,
,,,,,"defense_wall_lvl5",,,,,0,,30000,5,,,,,,,,,,,,,,,,,,1400,24,,,,,,,,,"Building Destroyed",,,,,,,,,,,,,,,,,,,,,,,,,,,,,,,,,,,,,,,,,,,,,,,
,,,,,"defense_wall_lvl6",,,,,0,,75000,6,,,,,,,,,,,,,,,,,,2000,25,,,,,,,,,"Building Destroyed",,,,,,,,,,,,,,,,,,,,,,,,,,,,,,,,,,,,,,,,,,,,,,,
,,,,,"defense_wall_lvl7",,,,,0,,200000,7,,,,,,,,,,,,,,,,,,2500,26,,,,,,,,,"Building Destroyed",,,,,,,,,,,,,,,,,,,,,,,,,,,,,,,,,,,,,,,,,,,,,,,
,,,,,"defense_wall_lvl8",,,,,0,,500000,8,,,,,,,,,,,,,,,,,,3000,27,,,,,,,,,"Building Destroyed",,,,,,,,,,,,,,,,,,,,,,,,,,,,,,,,,,,,,,,,,,,,,,,
,,,,,"defense_wall_lvl9",,,,,,,1000000,9,,,,,,,,,,,,,,,,,,4000,28,,,,,,,,,"Building Destroyed",,,,,,,,,,,,,,,,,,,,"true",,,,,,,,,,,,,,,,,,,,,,,,,,,
,,,,,"defense_wall_lvl10",,,,,,,3000000,9,,,,,,,,,,,,,,,,,,5500,29,,,,,,,,,"Wall Level 10 Destroyed",,,,,,,,,,,,,,,,,,,,"true",,,,,,,,,,,,,,,,,,,,,,,,,,,
,,,,,"defense_wall_lvl11",,,,,,,4000000,10,,,,,,,,,,,,,,,,,,7000,29,,,,,,,,,"Wall Level 10 Destroyed",,,,,,,,,,,,,,,,,,,,"true",,,,,,,,,,,,,,,,,,,,,,,,,,,
"Wizard Tower","TID_BUILDING_WIZARD_TOWER","TID_WIZARD_TOWER_INFO","Defense","sc/buildings.sc","wizard_tower_lvl1",,"wizard_tower_const",,12,0,"Gold",180000,5,3,3,,"wizard_tower_upg",,,,,,,,,,,,,,620,15,700,,,1300,11,,,,"Building Destroyed","Wizard Tower attack",,"Wizard Tower hit","Wizard Blast","stone_destructed_state3",2,2,"wizard_tower_base","npc_wizard_tower_base","true","true",,,,,,,100,,,,,,"Wizard Tower Pickup","Wizard Tower Placing",,"Wizard",1,155,,,,,,,,,,,,,,,,,,
,,,,,"wizard_tower_lvl4",,,1,0,0,,360000,5,,,,,,,,,,,,,,,,,,660,16,,,,,13,,,,,"Wizard Tower attack",,,"Wizard Blast",,,,,,,,,,,,,,,,,,,,,,,"Wizard",1,155,,,,,,,,,,,,,,,,,,
,,,,,"wizard_tower_lvl7",,,2,0,0,,720000,6,,,,,,,,,,,,,,,,,,690,17,,,,,16,,,,,"Wizard Tower attack",,,"Wizard Blast",,,,,,,,,,,,,,,,,,,,,,,"Wizard2",1,155,,,,,,,,,,,,,,,,,,
,,,,,"wizard_tower_lvl8",,,4,0,0,,1280000,7,,,,,,,,,,,,,,,,,,720,18,,,,,20,,,,,"Wizard Tower attack",,,"Wizard Blast",,,,,,,,,,,,,,,,,,,,,,,"Wizard2",1,155,,,,,,,,,,,,,,,,,,
,,,,,"wizard_tower_lvl9",,,6,0,0,,1960000,8,,,,,,,,,,,,,,,,,,760,19,,,,,24,,,,,"Wizard Tower attack",,,"Wizard Blast",,,,,,,,,,,,,,,,,,,,,,,"Wizard3",1,155,,,,,,,,,,,,,,,,,,
,,,,,"wizard_tower_lvl10",,,8,0,0,,2680000,8,,,,,,,,,,,,,,,,,,800,20,,,,,32,,,,,"Wizard Tower attack",,,"Wizard Blast",,,,,,,,,,,,,,,,,,,,,,,"Wizard3",1,155,,,,,,,,,,,,,,,,,,
,,,,,"wizard_tower_lvl11",,,10,0,0,,5360000,9,,,,,,,,,,,,,,,,,,840,21,,,,,40,,,,,"Wizard Tower attack",,,"Wizard Blast",,,,,,,,,,,,,,,,,,,,,,,"Wizard3",1,155,,,,,,,,,,,,,,,,,,
,,,,,"wizard_tower_lvl12",,,14,0,0,,6480000,10,,,,,,,,,,,,,,,,,,880,21,,,,,48,,,,,"Wizard Tower attack lv6",,,"wizard_projectile3_lv6",,,,,,,,,,,,,,,,,,,,,,,"Wizard6",1,135,,,,,,,,,,,,,,,,,,
"Air Defense","TID_BUILDING_AIR_DEFENSE","TID_AIR_DEFENSE_INFO","Defense","sc/buildings.sc","fireworks_tower_lvl1",,"fireworks_tower_const",,5,0,"Gold",22500,4,3,3,,"fireworks_tower_upg",,,,,,,,,,,,,,800,15,1000,,,1000,80,,,,"Building Destroyed","Air Defence Attack",,"Air Defence hit1","Firework","wood_destructed_state2",2,2,"airdefence_tower_base","npc_airdefence_tower_base","true","false",,,,,,,,,,,,,"Air Defence Pickup","Air Defence Placing",,,,,,,,,,,,,,,,,,,,,,
,,,,,"fireworks_tower_lvl2",,,1,0,0,,90000,4,,,,,,,,,,,,,,,,,,860,16,,,,,110,,,,,"Air Defence Attack",,"Air Defence hit1","Firework2",,,,,,,,,,,,,,,,,,,,,,,,,,,,,,,,,,,,,,,,,,,
,,,,,"fireworks_tower_lvl3",,,3,0,0,,270000,5,,,,,,,,,,,,,,,,,,900,17,,,,,140,,,,,"Air Defence Attack",,"Air Defence hit2","Firework3",,,,,,,,,,,,,,,,,,,,,,,,,,,,,,,,,,,,,,,,,,,
,,,,,"fireworks_tower_lvl4",,,5,0,0,,540000,6,,,,,,,,,,,,,,,,,,940,18,,,,,160,,,,,"Air Defence Attack",,"Air Defence hit2","Firework4",,,,,,,,,,,,,,,,,,,,,,,,,,,,,,,,,,,,,,,,,,,
,,,,,"fireworks_tower_lvl5",,,6,0,0,,1080000,7,,,,,,,,,,,,,,,,,,990,19,,,,,190,,,,,"Air Defence Attack",,"Air Defence hit3","Firework5",,,,,,,,,,,,,,,,,,,,,,,,,,,,,,,,,,,,,,,,,,,
,,,,,"fireworks_tower_lvl6",,,8,0,0,,2160000,8,,,,,,,,,,,,,,,,,,1040,20,,,,,230,,,,,"Air Defence Attack",,"Air Defence hit3","Firework6",,,,,,,,,,,,,,,,,,,,,,,,,,,,,,,,,,,,,,,,,,,
,,,,,"fireworks_tower_lvl7",,,10,0,0,,4320000,9,,,,,,,,,,,,,,,,,,1100,21,,,,,280,,,,,"Air Defence Attack",,"Air Defence hit3","Firework6",,,,,,,,,,,,,,,,,,,,,,,,,,,,,,,,,,,,,,,,,,,
,,,,,"fireworks_tower_lvl8",,,12,0,0,,7560000,10,,,,,,,,,,,,,,,,,,1160,21,,,,,320,,,,,"Air Defence Attack",,"Air Defence hit3","Firework6",,,,,,,,,,,,,,,,,,,,,,,,,,,,,,,,,,,,,,,,,,,
"Mortar","TID_BUILDING_MORTAR","TID_MORTAR_INFO","Defense","sc/buildings.sc","mortar_lvl1",,"mortar_const",,8,0,"Gold",8000,3,3,3,,"mortar_upg",,,,,,,,,,,,,,400,20,1100,,,5000,4,,,,"Building Destroyed","Mortar Attack",,"Mortar Hit","Mortar Ammo1","gen_destructed_state2",2,2,"mortar_base","npc_mortar_base","false","true",,,,,,400,150,"true",,,,,"Mortar Pickup","Mortar Placing",,,,,,,,,,,,,,,,,,,,,,
,,,,,"mortar_lvl2",,,,12,0,,32000,4,,,,,,,,,,,,,,,,,,450,21,,,,,5,,,,,"Mortar Attack",,"Mortar Hit","Mortar Ammo2",,,,,,,,,,,,,,,,,,,,,,,,,,,,,,,,,,,,,,,,,,,
,,,,,"mortar_lvl3",,,1,0,0,,120000,5,,,,,,,,,,,,,,,,,,500,22,,,,,6,,,,,"Mortar Attack",,"Mortar Hit","Mortar Ammo3",,,,,,,,,,,,,,,,,,,,,,,,,,,,,,,,,,,,,,,,,,,
,,,,,"mortar_lvl4",,,2,0,0,,400000,6,,,,,,,,,,,,,,,,,,550,23,,,,,7,,,,,"Mortar Attack",,"Mortar Hit","Mortar Ammo4",,,,,,,,,,,,,,,,,,,,,,,,,,,,,,,,,,,,,,,,,,,
,,,,,"mortar_lvl5",,,4,0,0,,800000,7,,,,,,,,,,,,,,,,,,590,24,,,,,8,,,,,"Mortar Attack",,"Mortar Hit","Mortar Ammo5",,,,,,,,,,,,,,,,,,,,,,,,,,,,,,,,,,,,,,,,,,,
,,,,,"mortar_lvl6",,,5,0,0,,1600000,8,,,,,,,,,,,,,,,,,,610,25,,,,,9,,,,,"Mortar Attack",,"Mortar Hit lvl6","Mortar Ammo6",,,,,,,,,,,,,,,,,,,,,,,,,,,,,,,,,,,,,,,,,,,
,,,,,"mortar_lvl7",,,7,0,0,,3200000,9,,,,,,,,,,,,,,,,,,640,26,,,,,11,,,,,"Mortar Attack",,"Mortar Hit lvl6","Mortar Ammo6",,,,,,,,,,,,,,,,,,,,,,,,,,,,,,,,,,,,,,,,,,,
,,,,,"mortar_lvl8",,,10,0,0,,6400000,10,,,,,,,,,,,,,,,,,,670,26,,,,,13,,,,,"Mortar Attack",,"Mortar Hit lvl8","Mortar Ammo8",,,,,,,,,,,,,,,,,,,,,,,,,,,,,,,,,,,,,,,,,,,
"Alliance Castle","TID_BUILDING_ALLIANCE_CASTLE","TID_ALLIANCE_CASTLE_INFO","Army","sc/buildings.sc","alliance_castle_lvl1",,"alliance_castle_const",,,,"Gold",40000,3,3,3,,"alliance_castle_upg",,,,"true",10,,,,,,,,,1000,27,,,,,,,,,"Building Destroyed",,,,,"alliance_castle_lvl1_broken",2,2,"alliance_castle_base","npc_alliance_castle_base",,,,,,,,,,,,,,,"Alliance Castle Pickup","Alliance Castle Placing","true",,,,,"true",,,,,,,,,,,,,,,,
,,,,,"alliance_castle_lvl2",,,,6,0,,100000,4,,,,,,,,,15,,,,,,,,,1400,28,,,,,,,,,,,,,,,,,,,,,,,,,,,,,,,,,,,,,,,,,,,,,,,,,,,,,,,,
,,,,,"alliance_castle_lvl3",,,1,0,0,,800000,6,,,,,,,,,20,,,,,,,,,2000,29,,,,,,,,,,,,,,,,,,,,,,,,,,,,,,,,,,,,,,,,,,,,,,,,,,,,,,,,
,,,,,"alliance_castle_lvl4",,,2,0,0,,1800000,8,,,,,,,,,25,,,,,,,,,2600,30,,,,,,,,,,,,,,,,,,,,,,,,,,,,,,,,,,,,,,,,,,,,,,,,,,,,,,,,
,,,,,"alliance_castle_lvl5",,,7,0,0,,7000000,9,,,,,,,,,30,,,,,,,,,3000,30,,,,,,,,,,,,,,,,,,,,,,,,,,,,,,,,,,,,,,,,,,,,,,,,,,,,,,,,
"Worker Building","TID_WORKER_BUILDING","TID_WORKER_INFO","Worker","sc/buildings.sc","worker_building",,"worker_building_const",,,0,"Diamonds",200,1,2,2,,"worker_building_upg",,,,,,,,,,,,,,250,20,,,,,,,,,"Building Destroyed",,,,,"wood_destructed_state1",1,1,"worker_building_base","npc_worker_building_base",,,,,,,,,,,,,,,"Worker Building Pickup","Worker Building Placing","true",,,,,,,,,,,,,,,,,,,,,
"Communications mast","TID_COMM_MAST","TID_COMM_MAST_INFO","Npc","sc/buildings.sc","comm_mast_lvl1",,"comm_mast_const",0,0,0,"Gold",1000,1,2,2,,"comm_mast_upg",,,,,,,,,,,,,,250,30,,,,,,,,,"Building Destroyed",,,,,"comm_mast_lvl1_broken",1,1,"comm_mast_base","npc_comm_mast_base",,,,,,,,,,,,,,,,,"true",,,,,,,,,,,,,,,,,,,,,
"Goblin main building","TID_GOBLIN_MAIN_BUILDING","TID_GOBLIN_MAIN_BUILDING_INFO","Npc","sc/buildings.sc","goblin_townhall_lvl1",,"generic_construction_state3",,,1,"Gold",0,,4,4,,"generic_upgrade_state3",1000,1000,,,,,,,,,,,,1250,30,,,,,,,,,"Building Destroyed",,,,,"town_hall_broken",3,3,"goblin_townhall_base",,,,,,,,,,,,,,,,"Town Hall Pickup","Town Hall Placing","true",,,,1,,,,,,,,,,,,,,,,,
"Goblin hut","TID_GOBLIN_HUT","TID_GOBLIN_HUT_INFO","Npc","sc/buildings.sc","goblin_hut_lvl1",,"generic_construction_state3",,,5,"Elixir",250,1,2,2,,"generic_upgrade_state2",,,,,20,,,,,,,,,250,30,,,,,,,,,"Building Destroyed",,,,,"wood_destructed_state2",2,2,"goblin_hut_base",,,,,,,,,,,,,,,,"Troop Housing Pickup","Troop Housing Placing","true",,,,,,,,,,,,,,,,,,,,,
"Tesla Tower","TID_BUILDING_TESLA_TOWER","TID_TESLA_TOWER_INFO","Defense","sc/buildings.sc","teslatower_lvl1_setup",,"teslatower_const",2,0,0,"Gold",1000000,7,2,2,,"teslatower_upg",,,,,,,,,,,,,,600,20,700,,,600,34,"PEKKA",2,,"Building Destroyed","Tesla Attack_1",,"Tesla Hit",,"gen_destructed_state2",1,1,,,"true","true",,,,,,,,,,,,,"Tesla Pickup","Tesla Placing",,,,,,,"true",600,"teslatower_lvl1","Tesla Appear",,,,,,,,,,,,
,,,,,"teslatower_lvl2_setup",,,4,0,0,,1250000,7,,,,,,,,,,,,,,,,,,630,21,,,,,40,,,,,"Tesla Attack_1",,,,,,,,,,,,,,,,,,,,,,,,,,,,,,,,,"teslatower_lvl2",,,,,,,,,,,,,
,,,,,"teslatower_lvl3_setup",,,6,0,0,,1500000,7,,,,,,,,,,,,,,,,,,660,22,,,,,48,,,,,"Tesla Attack_1",,,,,,,,,,,,,,,,,,,,,,,,,,,,,,,,,"teslatower_lvl3",,,,,,,,,,,,,
,,,,,"teslatower_lvl4_setup",,,8,0,0,,2000000,8,,,,,,,,,,,,,,,,,,690,23,,,,,55,,,,,"Tesla Attack_2",,,,,,,,,,,,,,,,,,,,,,,,,,,,,,,,,"teslatower_lvl4",,,,,,,,,,,,,
,,,,,"teslatower_lvl5_setup",,,10,0,0,,2500000,8,,,,,,,,,,,,,,,,,,730,24,,,,,64,,,,,"Tesla Attack_2",,,,,,,,,,,,,,,,,,,,,,,,,,,,,,,,,"teslatower_lvl5",,,,,,,,,,,,,
,,,,,"teslatower_lvl6_setup",,,12,0,0,,3000000,8,,,,,,,,,,,,,,,,,,770,25,,,,,75,,,,,"Tesla Attack_3",,,,,,,,,,,,,,,,,,,,,,,,,,,,,,,,,"teslatower_lvl6",,,,,,,,,,,,,
,,,,,"teslatower_lvl7_setup",,,14,0,0,,3500000,9,,,,,,,,,,,,,,,,,,810,25,,,,,87,,,,,"Tesla Attack_4","Tesla Attack_4_Secondary",,,,,,,,,,,,,,,,,,,,,,,,,,,,,,,,"teslatower_lvl7",,,,,,,,,,,,,
"Spell Forge","TID_BUILDING_SPELL_FORGE","TID_SPELL_FORGE_INFO","Army","sc/buildings.sc","spell_factory_lvl1",,"spell_factory_const",1,0,,"Elixir",200000,5,3,3,,"spell_factory_upg",,,,,1,,,,,1,,,1,200,15,,,,,,,,,"Building Destroyed",,,,,"wood_destructed_state3",2,2,"goldmine_base","npc_goldmine_base",,,,,,,,,,,,,,,"Training Barrack Pickup","Training Barrack Placing","true",,,,,,,,,,"true",,,,,,,,,,,
,,,,,"spell_factory_lvl2",,,2,0,,,400000,6,,,,,,,,,2,,,,,2,,,,300,,,,,,,,,,,,,,,,,,"goldmine_base","npc_goldmine_base",,,,,,,,,,,,,,,,,,,,,,,,,,,,,,,,,,,,,,
,,,,,"spell_factory_lvl3",,,4,0,,,800000,7,,,,,,,,,3,,,,,3,,,,400,,,,,,,,,,,,,,,,,,"goldmine_base","npc_goldmine_base",,,,,,,,,,,,,,,,,,,,,,,,,,,,,,,,,,,,,,
,,,,,"spell_factory_lvl4",,,5,0,,,1600000,9,,,,,,,,,4,,,,,4,,,,500,,,,,,,,,,,,,,,,,,"spellforge_lvl4_base","npc_spellforge_lvl4_base",,,,,,,,,,,,,,,,,,,,,,,,,,,,,,,,,,,,,,
,,,,,"spell_factory_lvl5",,,6,0,,,3200000,10,,,,,,,,,5,,,,,5,,,,600,,,,,,,,,,,,,,,,,,"spellforge_lvl4_base","npc_spellforge_lvl4_base",,,,,,,,,,,,,,,,,,,,,,,,,,,,,,,,,,,,,,
"Bow","TID_BUILDING_BOW","TID_BOW_INFO","Defense","sc/buildings.sc","rapidfire_turret_lvl1",,"basic_turret_const",7,0,,"Gold",3000000,9,3,3,,"basic_turret_upg",,,,,,,,,,,,,,1500,20,1400,"true",1100,128,50,,,"true","Building Destroyed","Rapidfire bow attack",,"Generic Hit","Rapidfire arrow","gen_destructed_state2",2,2,"rapidfire_base","npc_rapidfire_base","false","true","true","true",1500,"Elixir",50000,,,,,"Bow Load","Bow No Ammo","Bow Target","Bow Pickup","Bow Placing","true",,,,,,,,,,,,,,,,,,,,,
,,,,,"rapidfire_turret_lvl2",,,10,,,,5000000,9,,,,,,,,,,,,,,,,,,1900,21,,,,,60,,,,,,,,"Rapidfire arrow lvl2",,,,,,,,,,,,60000,,,,,,,,,,,,,,,,,,,,,,,,,,,,,,,
,,,,,"rapidfire_turret_lvl3",,,14,,,,7000000,9,,,,,,,,,,,,,,,,,,2400,22,,,,,75,,,,,,,,"Rapidfire arrow lvl3",,,,,,,,,,,,70000,,,,,,,,,,,,,,,,,,,,,,,,,,,,,,,
,,,,,"rapidfire_turret_lvl4",,,14,,,,8000000,10,,,,,,,,,,,,,,,,,,2800,22,,,,,80,,,,,,,,"Rapidfire arrow lvl4",,,,,,,,,,,,80000,,,,,,,,,,,,,,,,,,,,,,,,,,,,,,,
"Hero Altar Barbarian King","TID_BARBARIAN_KING","TID_BARBARIAN_KING_INFO","Army","sc/buildings.sc","heroaltar_barbarian_king_lvl1",,"heroaltar_barbarian_king_const",,,,"DarkElixir",10000,7,3,3,,"heroaltar_barbarian_king_upg",,,,,,,,,,,,,,250,,,,,,,,,,"Building Destroyed",,,,,"wood_destructed_state2",2,2,"heroaltar_base","npc_heroaltar_base",,,,,,,,,,,,,,,"Hero Altar Pickup","Hero Altar Place","true",,,,,,,,,,,"true","Barbarian King",,,,,,,,,
"Dark Elixir Pump","TID_BUILDING_DARK_ELIXIR_PUMP","TID_DARK_ELIXIR_PUMP_INFO","Resource","sc/buildings.sc","darkelixir_pump_lvl1",,"darkelixir_pump_const",1,0,,"Elixir",1000000,1,3,3,,"darkelixir_pump_upg",,,,,,"DarkElixir",20,120,1,,,,7,400,15,,,,,,,,,"Building Destroyed",,,,,"wood_destructed_state2",2,2,"dark_elixir_pump_base","dark_elixir_pump_base",,,,,,,,,,,,,,,"Dark Elixir Drill Pickup","Dark Elixir Drill Place","true",,,,,,,,,,,,,,,,,,,,,
,,,,,"darkelixir_pump_lvl2",,,2,0,,,1500000,1,,,,,,,,,,,30,240,1,,,,10,480,,,,,,,,,,,,,,,,,,,,,,,,,,,,,,,,,,,,,,,,,,,,,,,,,,,,,,,,,
,,,,,"darkelixir_pump_lvl3",,,3,0,,,2000000,1,,,,,,,,,,,45,450,1,,,,15,580,,,,,,,,,,,,,,,,,,,,,,,,,,,,,,,,,,,,,,,,,,,,,,,,,,,,,,,,,
,,,,,"darkelixir_pump_lvl4",,,4,0,,,3000000,9,,,,,,,,,,,60,720,2,,,,20,690,,,,,,,,,,,,,,,,,,,,,,,,,,,,,,,,,,,,,,,,,,,,,,,,,,,,,,,,,
,,,,,"darkelixir_pump_lvl5",,,6,0,,,4000000,9,,,,,,,,,,,80,1120,2,,,,27,830,,,,,,,,,,,,,,,,,,,,,,,,,,,,,,,,,,,,,,,,,,,,,,,,,,,,,,,,,
,,,,,"darkelixir_pump_lvl6",,,8,0,,,5000000,9,,,,,,,,,,,100,1600,3,,,,34,1000,,,,,,,,,,,,,,,,,,,,,,,,,,,,,,,,,,,,,,,,,,,,,,,,,,,,,,,,,
"Dark Elixir Storage","TID_BUILDING_DARK_ELIXIR_STORAGE","TID_DARK_ELIXIR_STORAGE_INFO","Resource","sc/buildings.sc","darkelixir_storage_level1",,"darkelixir_storage_const",1,0,,"Elixir",600000,1,3,3,,"darkelixir_storage_upg",,,10000,,,,,,,,,,,2000,30,,,,,,,,,"Elixir Storage Destroyed",,,,,"elixir_destructed_state3",2,2,"dark_elixir_storage_lvl1_base","npc_elixir_storage_base",,,,,,,,,,,,,,,"Dark Elixir Storage Pickup","Dark Elixir Storage Place",,,,,,,,,,,,,,,,,,,,,,
,,,,,"darkelixir_storage_level2",,,2,0,,,1200000,1,,,,,,,20000,,,,,,,,,,,2200,,,,,,,,,,,,,,,,,,"dark_elixir_storage_lvl2_base",,,,,,,,,,,,,,,,,,,,,,,,,,,,,,,,,,,,,,,
,,,,,"darkelixir_storage_level3",,,3,0,,,1800000,8,,,,,,,40000,,,,,,,,,,,2400,,,,,,,,,,,,,,,,,,"dark_elixir_storage_lvl3_base",,,,,,,,,,,,,,,,,,,,,,,,,,,,,,,,,,,,,,,
,,,,,"darkelixir_storage_level4",,,4,0,,,2400000,8,,,,,,,80000,,,,,,,,,,,2600,,,,,,,,,,,,,,,,,,"dark_elixir_storage_lvl4_base",,,,,,,,,,,,,,,,,,,,,,,,,,,,,,,,,,,,,,,
,,,,,"darkelixir_storage_level5",,,5,0,,,3000000,9,,,,,,,150000,,,,,,,,,,,2900,,,,,,,,,,,,,,,,,,"dark_elixir_storage_lvl5_base",,,,,,,,,,,,,,,,,,,,,,,,,,,,,,,,,,,,,,,
,,,,,"darkelixir_storage_level6",,,6,0,,,3600000,9,,,,,,,200000,,,,,,,,,,,3200,,,,,,,,,,,,,,,,,,"dark_elixir_storage_lvl6_base",,,,,,,,,,,,,,,,,,,,,,,,,,,,,,,,,,,,,,,
"Hero Altar Archer Queen","TID_ARCHER_QUEEN","TID_ARCHER_QUEEN_INFO","Army","sc/buildings.sc","heroaltar_archer_queen_lvl1",,"heroaltar_archer_queen_const",,,,"DarkElixir",40000,9,3,3,,"heroaltar_archer_queen_upg",,,,,,,,,,,,,,250,,,,,,,,,,"Building Destroyed",,,,,"wood_destructed_state2",2,2,"heroaltar_base","npc_heroaltar_base",,,,,,,,,,,,,,,"Hero Altar Pickup","Hero Altar Place","true",,,,,,,,,,,"true","Archer Queen",,,,,,,,,
"Dark Elixir Barrack","TID_DARK_ELIXIR_BARRACK","TID_DARK_ELIXIR_BARRACK_INFO","Army","sc/buildings.sc","darkBarracks_lvl1",,"darkBarracks_const",3,0,0,"Elixir",750000,7,3,3,,"darkBarracks_upg",,,,,,,,,,40,,2,25,250,15,,,,,,,,,"Building Destroyed",,,,,"wood_destructed_state2",2,2,"barracks_base","npc_barracks_base",,,,,,,,,,,,,,,"Training Barrack Pickup","Training Barrack Placing","true",,,,,,,,,,,,,,,,,,,,,
,,,,,"darkBarracks_lvl2",,,5,0,0,,1250000,7,,,,,,,,,,,,,,50,,,,300,,,,,,,,,,,,,,,,,,,,,,,,,,,,,,,,,,,,,,,,,,,,,,,,,,,,,,,,,
,,,,,"darkBarracks_lvl3",,,6,0,0,,1750000,8,,,,,,,,,,,,,,60,,,,350,,,,,,,,,,,,,,,,,,,,,,,,,,,,,,,,,,,,,,,,,,,,,,,,,,,,,,,,,
,,,,,"darkBarracks_lvl4",,,7,0,0,,2250000,8,,,,,,,,,,,,,,70,,,,400,,,,,,,,,,,,,,,,,,,,,,,,,,,,,,,,,,,,,,,,,,,,,,,,,,,,,,,,,
,,,,,"darkBarracks_lvl5",,,8,0,0,,2750000,9,,,,,,,,,,,,,,80,,,,400,,,,,,,,,,,,,,,,,,,,,,,,,,,,,,,,,,,,,,,,,,,,,,,,,,,,,,,,,
"Dark Tower","TID_BUILDING_DARK_TOWER","TID_DARK_TOWER_INFO","Defense","sc/buildings.sc","dark_tower_lvl1",,"dark_tower_const",7,0,0,"Gold",5000000,10,2,2,,"dark_tower_upg",,,,,,,,,,,,,,1500,20,1000,,,128,24,,,,"Building Destroyed","Dark Tower Attack 1",,"Dark Tower Hit",,"gen_destructed_state2",1,1,"dark_tower_base",,"true","true",,,750,"DarkElixir",500,,,,,"Dark Tower Load","Dark Tower No Ammo",,"Dark Tower Pickup","Dark Tower Placing",,,,,,,,,,,,,,"true",100,1000,2000,5000,"Dark Tower Attack 2","Dark Tower Attack 3","Dark Tower Up 2","Dark Tower Up 3"
,,,,,"dark_tower_lvl2",,,10,0,0,,8000000,10,,,,,,,,,,,,,,,,,,1900,21,,,,,30,,,,,"Dark Tower Attack 1",,,,,,,,,,,,,,,600,,,,,,,,,,,,,,,,,,,,,,,,125,1250,2000,5000,,,,
